"","sample","numRef","numAlt","GQ","V5"
"1","GP2-3_M",9,8,99,0.5
"2","CC3-3_N",9,3,69,0.072998046875
"3","CC3-3_E",14,5,99,0.0317840576171875
"4","CC3-3_N",15,5,83,0.0206947326660156
"5","CC3-3_N",11,3,92,0.0286865234375
"6","GP2-3_N",12,4,81,0.0384063720703125
"7","CC3-3_N",9,3,89,0.072998046875
"8","CC3-3_N",11,3,86,0.0286865234375
"9","CC3-3_N",9,4,94,0.1334228515625
"10","GP2-3_B",11,3,83,0.0286865234375
"11","CC3-3_N",8,3,91,0.11328125
"12","CC3-3_N",9,3,88,0.072998046875
"13","CC3-3_N",9,3,82,0.072998046875
"14","CC3-3_N",11,3,89,0.0286865234375
"15","CC3-3_B",11,3,93,0.0286865234375
"16","GP2-3_I",16,7,99,0.04656982421875
"17","CC3-3_N",10,4,91,0.08978271484375
"18","CC3-3_C",20,11,99,0.0748063921928405
"19","CC3-3_N",11,3,77,0.0286865234375
"20","CC3-3_N",15,5,99,0.0206947326660156
"21","CC3-3_N",13,4,99,0.0245208740234375
"22","GP2-3_D",11,4,99,0.059234619140625
"23","CC3-3_N",9,3,89,0.072998046875
"24","CC3-3_N",10,3,72,0.046142578125
"25","CC3-3_N",11,3,82,0.0286865234375
"26","CC3-3_N",8,3,91,0.11328125
"27","CC3-3_O",11,3,75,0.0286865234375
"28","CC3-3_N",9,3,85,0.072998046875
"29","CC3-3_N",13,4,80,0.0245208740234375
"30","CC3-3_E",15,5,99,0.0206947326660156
"31","GP2-3_N",13,4,99,0.0245208740234375
"32","CC3-3_N",11,4,94,0.059234619140625
"33","CC3-3_E",13,4,85,0.0245208740234375
"34","CC3-3_N",10,3,93,0.046142578125
"35","GP2-3_F",15,6,99,0.0391769409179688
"36","CC3-3_N",9,3,80,0.072998046875
"37","CC3-3_N",11,4,84,0.059234619140625
"38","CC3-3_O",11,3,78,0.0286865234375
"39","CC3-3_F",7,5,99,0.38720703125
"40","CC3-3_N",11,3,75,0.0286865234375
"41","CC3-3_N",10,3,86,0.046142578125
"42","CC3-3_N",11,3,79,0.0286865234375
"43","CC3-3_N",15,5,99,0.0206947326660156
"44","CC3-3_N",8,3,92,0.11328125
"45","CC3-3_C",15,7,99,0.0669002532958985
"46","CC3-3_E",11,3,74,0.0286865234375
"47","CC3-3_N",11,3,83,0.0286865234375
"48","CC3-3_N",10,3,72,0.046142578125
"49","CC3-3_N",10,3,79,0.046142578125
"50","CC3-3_E",13,4,99,0.0245208740234375
"51","GP2-3_H",9,4,97,0.1334228515625
"52","CC3-3_E",13,4,85,0.0245208740234375
"53","CC3-3_B",8,5,99,0.29052734375
"54","GP2-3_H",12,4,69,0.0384063720703125
"55","GP2-3_E",11,5,99,0.105056762695313
"56","CC3-3_N",13,4,99,0.0245208740234375
"57","GP2-3_G",9,4,99,0.1334228515625
"58","CC3-3_N",9,4,99,0.1334228515625
"59","CC3-3_L",12,5,99,0.0717315673828125
"60","CC3-3_N",11,3,86,0.0286865234375
"61","CC3-3_K",11,3,73,0.0286865234375
"62","GP2-3_C",9,3,90,0.072998046875
"63","GP2-3_C",10,3,96,0.046142578125
"64","GP2-3_C",5,6,99,0.7255859375
"65","CC3-3_N",8,3,92,0.11328125
"66","CC3-3_E",15,5,99,0.0206947326660156
"67","GP2-3_M",12,4,85,0.0384063720703125
"68","CC3-3_N",10,4,86,0.08978271484375
"69","CC3-3_N",12,4,88,0.0384063720703125
"70","CC3-3_N",13,4,85,0.0245208740234375
"71","CC3-3_N",11,3,77,0.0286865234375
"72","CC3-3_C",15,5,99,0.0206947326660156
"73","CC3-3_N",11,3,71,0.0286865234375
"74","CC3-3_N",8,11,99,0.820358276367187
"75","CC3-3_N",8,6,99,0.395263671875
"76","CC3-3_O",18,10,99,0.0924666710197926
"77","CC3-3_D",13,10,81,0.338819742202759
"78","GP2-3_L",13,6,87,0.0835342407226563
"79","GP2-3_L",13,6,87,0.0835342407226563
"80","CC3-3_E",12,4,77,0.0384063720703125
"81","CC3-3_D",9,3,81,0.072998046875
"82","GP2-3_M",6,10,99,0.894943237304688
"83","GP2-3_M",6,7,99,0.70947265625
"84","CC3-3_N",13,4,72,0.0245208740234375
"85","CC3-3_N",11,3,86,0.0286865234375
"86","CC3-3_N",8,3,95,0.11328125
"87","CC3-3_N",11,3,86,0.0286865234375
"88","CC3-3_N",11,4,88,0.059234619140625
"89","CC3-3_O",10,3,85,0.046142578125
"90","CC3-3_N",10,4,99,0.08978271484375
"91","GP2-3_H",11,5,99,0.105056762695313
"92","CC3-3_N",10,3,86,0.046142578125
"93","CC3-3_N",11,3,82,0.0286865234375
"94","GP2-3_H",10,3,92,0.046142578125
"95","GP2-3_B",11,3,75,0.0286865234375
"96","CC3-3_N",10,3,88,0.046142578125
"97","CC3-3_D",10,4,87,0.08978271484375
"98","GP2-3_D",10,7,99,0.314529418945313
"99","GP2-3_E",11,3,99,0.0286865234375
"100","CC3-3_E",12,4,81,0.0384063720703125
"101","GP2-3_N",15,5,77,0.0206947326660156
"102","GP2-3_O",11,3,79,0.0286865234375
"103","GP2-3_B",8,9,99,0.685470581054688
"104","CC3-3_N",9,5,99,0.21197509765625
"105","GP2-3_J",9,3,99,0.072998046875
"106","GP2-3_H",13,4,85,0.0245208740234375
"107","CC3-3_N",9,3,85,0.072998046875
"108","GP2-3_N",14,5,99,0.0317840576171875
"109","CC3-3_O",9,3,95,0.072998046875
"110","GP2-3_M",13,4,99,0.0245208740234375
"111","CC3-3_C",12,7,87,0.179641723632813
"112","CC3-3_C",12,7,87,0.179641723632813
"113","CC3-3_F",11,3,83,0.0286865234375
"114","GP2-3_N",12,4,91,0.0384063720703125
"115","CC3-3_N",13,4,81,0.0245208740234375
"116","CC3-3_E",13,4,85,0.0245208740234375
"117","CC3-3_N",11,4,78,0.059234619140625
"118","CC3-3_H",15,5,99,0.0206947326660156
"119","CC3-3_E",12,10,99,0.415905952453613
"120","CC3-3_H",13,4,99,0.0245208740234375
"121","CC3-3_O",10,3,71,0.046142578125
"122","GP2-3_G",13,4,99,0.0245208740234375
"123","CC3-3_N",13,4,82,0.0245208740234375
"124","CC3-3_N",9,3,92,0.072998046875
"125","CC3-3_N",13,4,85,0.0245208740234375
"126","CC3-3_N",15,5,99,0.0206947326660156
"127","CC3-3_N",9,3,92,0.072998046875
"128","CC3-3_N",10,3,95,0.046142578125
"129","GP2-3_C",15,6,99,0.0391769409179688
"130","CC3-3_N",10,3,75,0.046142578125
"131","CC3-3_O",10,3,77,0.046142578125
"132","CC3-3_N",11,3,83,0.0286865234375
"133","CC3-3_N",13,4,81,0.0245208740234375
"134","GP2-3_K",14,5,99,0.0317840576171875
"135","CC3-3_N",10,3,68,0.046142578125
"136","CC3-3_N",11,3,86,0.0286865234375
"137","CC3-3_N",8,3,88,0.11328125
"138","GP2-3_H",12,4,91,0.0384063720703125
"139","CC3-3_N",12,4,88,0.0384063720703125
"140","CC3-3_N",12,5,90,0.0717315673828125
"141","CC3-3_N",11,3,92,0.0286865234375
"142","CC3-3_N",11,3,83,0.0286865234375
"143","CC3-3_N",11,4,99,0.059234619140625
"144","GP2-3_H",11,3,79,0.0286865234375
"145","CC3-3_N",10,3,74,0.046142578125
"146","CC3-3_N",12,4,99,0.0384063720703125
"147","CC3-3_N",8,3,85,0.11328125
"148","CC3-3_N",9,3,85,0.072998046875
"149","GP2-3_H",16,7,99,0.04656982421875
"150","CC3-3_N",10,3,81,0.046142578125
"151","CC3-3_E",13,5,89,0.048126220703125
"152","CC3-3_N",10,3,89,0.046142578125
"153","CC3-3_E",15,5,84,0.0206947326660156
"154","CC3-3_E",11,3,83,0.0286865234375
"155","GP2-3_M",11,3,68,0.0286865234375
"156","GP2-3_H",10,3,82,0.046142578125
"157","GP2-3_B",11,3,77,0.0286865234375
"158","CC3-3_J",11,4,99,0.059234619140625
"159","GP2-3_J",12,5,99,0.0717315673828125
"160","CC3-3_N",14,5,99,0.0317840576171875
"161","CC3-3_E",13,6,99,0.0835342407226563
"162","CC3-3_E",12,8,99,0.25172233581543
"163","CC3-3_N",9,3,79,0.072998046875
"164","CC3-3_N",10,3,75,0.046142578125
"165","GP2-3_H",13,4,78,0.0245208740234375
"166","CC3-3_E",11,3,85,0.0286865234375
"167","GP2-3_H",8,5,99,0.29052734375
"168","CC3-3_C",9,3,97,0.072998046875
"169","GP2-3_B",16,11,99,0.221034169197083
"170","GP2-3_N",12,4,85,0.0384063720703125
"171","CC3-3_N",12,4,81,0.0384063720703125
"172","CC3-3_N",10,3,82,0.046142578125
"173","CC3-3_N",9,3,86,0.072998046875
"174","GP2-3_N",13,4,72,0.0245208740234375
"175","GP2-3_E",12,8,99,0.25172233581543
"176","CC3-3_N",11,3,76,0.0286865234375
"177","GP2-3_D",10,3,96,0.046142578125
"178","GP2-3_H",12,4,99,0.0384063720703125
"179","CC3-3_N",9,3,85,0.072998046875
"180","CC3-3_E",10,5,99,0.15087890625
"181","CC3-3_N",12,4,70,0.0384063720703125
"182","CC3-3_N",8,3,81,0.11328125
"183","CC3-3_E",13,4,78,0.0245208740234375
"184","CC3-3_N",11,3,75,0.0286865234375
"185","CC3-3_N",11,3,73,0.0286865234375
"186","CC3-3_K",13,5,99,0.048126220703125
"187","CC3-3_N",10,4,85,0.08978271484375
"188","GP2-3_B",11,3,89,0.0286865234375
"189","CC3-3_O",8,9,99,0.685470581054688
"190","GP2-3_J",5,7,99,0.80615234375
"191","CC3-3_E",14,5,87,0.0317840576171875
"192","CC3-3_N",12,4,91,0.0384063720703125
"193","CC3-3_O",12,8,99,0.25172233581543
"194","CC3-3_L",15,5,99,0.0206947326660156
"195","CC3-3_L",14,6,99,0.0576591491699219
"196","CC3-3_N",9,3,85,0.072998046875
"197","GP2-3_D",11,6,99,0.166152954101563
"198","CC3-3_N",11,3,89,0.0286865234375
"199","CC3-3_N",10,3,78,0.046142578125
"200","CC3-3_N",11,3,83,0.0286865234375
"201","CC3-3_C",11,3,83,0.0286865234375
"202","CC3-3_N",10,3,88,0.046142578125
"203","CC3-3_N",10,3,82,0.046142578125
"204","CC3-3_N",11,4,99,0.059234619140625
"205","CC3-3_N",11,3,89,0.0286865234375
"206","CC3-3_N",11,4,81,0.059234619140625
"207","CC3-3_E",11,4,87,0.059234619140625
"208","GP2-3_N",13,4,72,0.0245208740234375
"209","CC3-3_N",8,3,98,0.11328125
"210","CC3-3_I",19,10,99,0.0680229738354683
"211","GP2-3_H",17,9,99,0.0843187719583512
"212","GP2-3_H",10,3,88,0.046142578125
"213","CC3-3_N",10,4,99,0.08978271484375
"214","CC3-3_N",8,3,70,0.11328125
"215","CC3-3_N",13,4,70,0.0245208740234375
"216","CC3-3_L",6,9,99,0.84912109375
"217","GP2-3_H",13,4,99,0.0245208740234375
"218","CC3-3_N",10,3,92,0.046142578125
"219","CC3-3_N",10,3,95,0.046142578125
"220","GP2-3_H",11,4,84,0.059234619140625
"221","CC3-3_N",10,3,68,0.046142578125
"222","GP2-3_O",20,12,99,0.107663574861362
"223","CC3-3_I",12,4,99,0.0384063720703125
"224","CC3-3_I",13,5,92,0.048126220703125
"225","CC3-3_O",11,3,89,0.0286865234375
"226","CC3-3_J",13,5,99,0.048126220703125
"227","CC3-3_N",10,3,74,0.046142578125
"228","CC3-3_N",10,3,89,0.046142578125
"229","GP2-3_H",11,3,86,0.0286865234375
"230","CC3-3_N",11,3,86,0.0286865234375
"231","CC3-3_N",13,4,78,0.0245208740234375
"232","CC3-3_N",10,4,79,0.08978271484375
"233","CC3-3_E",11,3,81,0.0286865234375
"234","GP2-3_E",7,7,99,0.604736328125
"235","CC3-3_E",15,5,99,0.0206947326660156
"236","CC3-3_N",10,3,92,0.046142578125
"237","CC3-3_E",13,4,99,0.0245208740234375
"238","CC3-3_N",11,3,73,0.0286865234375
"239","CC3-3_N",10,3,88,0.046142578125
"240","CC3-3_D",9,15,99,0.924205183982849
"241","CC3-3_N",10,3,78,0.046142578125
"242","GP2-3_J",10,7,99,0.314529418945313
"243","CC3-3_N",8,3,95,0.11328125
"244","CC3-3_N",8,3,96,0.11328125
"245","CC3-3_N",10,3,69,0.046142578125
"246","GP2-3_N",12,4,75,0.0384063720703125
"247","GP2-3_B",10,3,89,0.046142578125
"248","CC3-3_N",6,4,99,0.376953125
"249","CC3-3_N",13,4,81,0.0245208740234375
"250","CC3-3_E",11,3,92,0.0286865234375
"251","GP2-3_B",11,3,83,0.0286865234375
"252","CC3-3_N",10,3,72,0.046142578125
"253","CC3-3_N",11,3,73,0.0286865234375
"254","CC3-3_I",10,15,99,0.885238528251648
"255","CC3-3_N",12,4,85,0.0384063720703125
"256","GP2-3_F",18,11,99,0.132465448230505
"257","GP2-3_M",11,4,99,0.059234619140625
"258","CC3-3_N",9,4,84,0.1334228515625
"259","CC3-3_C",13,4,93,0.0245208740234375
"260","GP2-3_E",15,6,99,0.0391769409179688
"261","CC3-3_N",11,3,79,0.0286865234375
"262","GP2-3_I",15,5,99,0.0206947326660156
"263","CC3-3_N",9,2,99,0.03271484375
"264","GP2-3_O",10,3,89,0.046142578125
"265","GP2-3_N",15,7,99,0.0669002532958985
"266","CC3-3_D",13,4,78,0.0245208740234375
"267","CC3-3_O",11,3,86,0.0286865234375
"268","CC3-3_N",11,3,75,0.0286865234375
"269","CC3-3_E",14,5,99,0.0317840576171875
"270","CC3-3_E",12,4,99,0.0384063720703125
"271","GP2-3_N",14,5,80,0.0317840576171875
"272","GP2-3_E",9,3,99,0.072998046875
"273","GP2-3_E",9,2,96,0.03271484375
"274","GP2-3_H",11,3,83,0.0286865234375
"275","GP2-3_H",11,3,71,0.0286865234375
"276","CC3-3_N",10,5,99,0.15087890625
"277","CC3-3_N",13,4,82,0.0245208740234375
"278","CC3-3_N",11,3,82,0.0286865234375
"279","CC3-3_N",12,4,85,0.0384063720703125
"280","CC3-3_N",11,3,71,0.0286865234375
"281","GP2-3_E",11,3,83,0.0286865234375
"282","CC3-3_N",11,3,79,0.0286865234375
"283","CC3-3_N",11,3,75,0.0286865234375
"284","GP2-3_E",10,3,86,0.046142578125
"285","CC3-3_N",11,3,83,0.0286865234375
"286","CC3-3_F",15,9,99,0.153728127479553
"287","CC3-3_N",11,3,79,0.0286865234375
"288","CC3-3_N",11,3,72,0.0286865234375
"289","GP2-3_H",11,3,87,0.0286865234375
"290","GP2-3_F",15,5,99,0.0206947326660156
"291","GP2-3_F",15,5,99,0.0206947326660156
"292","CC3-3_N",11,3,77,0.0286865234375
"293","CC3-3_N",10,3,86,0.046142578125
"294","CC3-3_N",12,4,85,0.0384063720703125
"295","CC3-3_N",11,3,86,0.0286865234375
